-- phpMyAdmin SQL Dump
-- version 5.2.0
-- https://www.phpmyadmin.net/
--
-- Servidor: 127.0.0.1
-- Tiempo de generación: 10-10-2022 a las 19:21:48
-- Versión del servidor: 10.4.25-MariaDB
-- Versión de PHP: 8.1.10

SET SQL_MODE = "NO_AUTO_VALUE_ON_ZERO";
START TRANSACTION;
SET time_zone = "+00:00";


/*!40101 SET @OLD_CHARACTER_SET_CLIENT=@@CHARACTER_SET_CLIENT */;
/*!40101 SET @OLD_CHARACTER_SET_RESULTS=@@CHARACTER_SET_RESULTS */;
/*!40101 SET @OLD_COLLATION_CONNECTION=@@COLLATION_CONNECTION */;
/*!40101 SET NAMES utf8mb4 */;

--
-- Base de datos: `hms`
--

-- --------------------------------------------------------

--
-- Estructura de tabla para la tabla `admin`
--

CREATE TABLE `admin` (
  `id` int(11) NOT NULL,
  `username` varchar(255) NOT NULL,
  `password` varchar(255) NOT NULL,
  `updationDate` varchar(255) NOT NULL
) ENGINE=InnoDB DEFAULT CHARSET=latin1;

--
-- Volcado de datos para la tabla `admin`
--

INSERT INTO `admin` (`id`, `username`, `password`, `updationDate`) VALUES
(1, 'admin', 'Test@12345', '28-12-2016 11:42:05 AM');

-- --------------------------------------------------------

--
-- Estructura de tabla para la tabla `appointment`
--

CREATE TABLE `appointment` (
  `id` int(11) NOT NULL,
  `doctorSpecialization` varchar(255) DEFAULT NULL,
  `doctorId` int(11) DEFAULT NULL,
  `userId` int(11) DEFAULT NULL,
  `consultancyFees` int(11) DEFAULT NULL,
  `appointmentDate` varchar(255) DEFAULT NULL,
  `appointmentTime` varchar(255) DEFAULT NULL,
  `postingDate` timestamp NULL DEFAULT current_timestamp(),
  `userStatus` int(11) DEFAULT NULL,
  `doctorStatus` int(11) DEFAULT NULL,
  `updationDate` timestamp NULL DEFAULT NULL ON UPDATE current_timestamp()
) ENGINE=InnoDB DEFAULT CHARSET=latin1;

--
-- Volcado de datos para la tabla `appointment`
--

INSERT INTO `appointment` (`id`, `doctorSpecialization`, `doctorId`, `userId`, `consultancyFees`, `appointmentDate`, `appointmentTime`, `postingDate`, `userStatus`, `doctorStatus`, `updationDate`) VALUES
(3, 'Demo test', 7, 6, 600, '2019-06-29', '9:15 AM', '2019-06-23 18:31:28', 1, 0, '0000-00-00 00:00:00'),
(4, 'Ayurveda', 5, 5, 8050, '2019-11-08', '1:00 PM', '2019-11-05 10:28:54', 1, 1, '0000-00-00 00:00:00'),
(5, 'Dermatologist', 9, 7, 500, '2019-11-30', '5:30 PM', '2019-11-10 18:41:34', 1, 0, '2019-11-10 18:48:30'),
(6, 'General Physician', 6, 2, 2500, '2022-07-22', '6:30 PM', '2022-07-15 21:24:38', 1, 1, NULL),
(7, 'Gynecologist/Obstetrician', 0, 6, 0, '2022-10-11', '12:00 PM', '2022-10-10 17:12:34', 1, 1, NULL);

-- --------------------------------------------------------

--
-- Estructura de tabla para la tabla `doctors`
--

CREATE TABLE `doctors` (
  `id` int(11) NOT NULL,
  `specilization` varchar(255) DEFAULT NULL,
  `doctorName` varchar(255) DEFAULT NULL,
  `address` longtext DEFAULT NULL,
  `docFees` varchar(255) DEFAULT NULL,
  `contactno` bigint(11) DEFAULT NULL,
  `docEmail` varchar(255) DEFAULT NULL,
  `password` varchar(255) DEFAULT NULL,
  `creationDate` timestamp NULL DEFAULT current_timestamp(),
  `updationDate` timestamp NULL DEFAULT NULL ON UPDATE current_timestamp()
) ENGINE=InnoDB DEFAULT CHARSET=latin1;

--
-- Volcado de datos para la tabla `doctors`
--

INSERT INTO `doctors` (`id`, `specilization`, `doctorName`, `address`, `docFees`, `contactno`, `docEmail`, `password`, `creationDate`, `updationDate`) VALUES
(1, 'Dentist', 'Roberto Aliaga', 'Lima Perú', '120', 8285703354, 'Roberto@gmail.com', 'f925916e2754e5e03f75dd58a5733251', '2020-12-16 06:25:37', '2022-10-10 16:47:46'),
(2, 'Homeopath', 'Carla Ramirez', 'Lima Perú', '150', 2147483647, 'Carla@gmail.com', 'f925916e2754e5e03f75dd58a5733251', '2016-12-29 06:51:51', '2022-10-10 16:47:59'),
(3, 'General Physician', 'Mónica Quispe', 'Lima Perú', '130', 8523699999, 'nitesh@gmail.com', 'f925916e2754e5e03f75dd58a5733251', '2017-01-07 07:43:35', '2022-10-10 16:46:01'),
(4, 'Homeopath', 'Eduardo Dominguez', 'Lima Perú', '150', 25668888, 'vijay@gmail.com', 'f925916e2754e5e03f75dd58a5733251', '2017-01-07 07:45:09', '2022-10-10 16:46:10'),
(5, 'Cardiology', 'Ronald Martinez', 'Lima Perú', '200', 442166644646, 'sanjeev@gmail.com', 'f925916e2754e5e03f75dd58a5733251', '2017-01-07 07:47:07', '2022-10-10 16:49:13'),
(6, 'General Physician', 'Adriana Vega', 'Lima Perú', '130', 45497964, 'amrita@test.com', 'f925916e2754e5e03f75dd58a5733251', '2017-01-07 07:52:50', '2022-10-10 16:46:40'),
(7, 'Pneumology', 'Alejandra Nuñez', 'Lima Perú', '200', 852888888, 'test@demo.com', 'f925916e2754e5e03f75dd58a5733251', '2017-01-07 08:08:58', '2022-10-10 16:50:01'),
(8, 'Cardiology', 'Pedro Martinelli', 'Lima Perú', '150', 1234567890, 'test@test.com', '202cb962ac59075b964b07152d234b70', '2019-06-23 17:57:43', '2022-10-10 16:50:18'),
(9, 'Dermatologist', 'Martín Huamán', 'Lima Perú', '150', 1234567890, 'anujk@test.com', 'f925916e2754e5e03f75dd58a5733251', '2019-11-10 18:37:47', '2022-10-10 16:50:26'),
(10, 'Gynecologist/Obstetrician', 'Daniela Rojas', 'Lima Perú', '150', NULL, 'daniela@gmail.com', NULL, '2022-10-10 16:42:07', NULL);

-- --------------------------------------------------------

--
-- Estructura de tabla para la tabla `doctorslog`
--

CREATE TABLE `doctorslog` (
  `id` int(11) NOT NULL,
  `uid` int(11) DEFAULT NULL,
  `username` varchar(255) DEFAULT NULL,
  `userip` binary(16) DEFAULT NULL,
  `loginTime` timestamp NULL DEFAULT current_timestamp(),
  `logout` varchar(255) DEFAULT NULL,
  `status` int(11) DEFAULT NULL
) ENGINE=InnoDB DEFAULT CHARSET=latin1;

--
-- Volcado de datos para la tabla `doctorslog`
--

INSERT INTO `doctorslog` (`id`, `uid`, `username`, `userip`, `loginTime`, `logout`, `status`) VALUES
(20, 7, 'test@demo.com', 0x3a3a3100000000000000000000000000, '2022-07-15 20:59:57', '16-07-2022 02:30:39 AM', 1),
(21, 7, 'test@demo.com', 0x3a3a3100000000000000000000000000, '2022-07-15 21:25:47', '16-07-2022 02:56:57 AM', 1),
(22, 7, 'test@demo.com', 0x3a3a3100000000000000000000000000, '2022-10-10 16:23:27', '10-10-2022 09:53:32 PM', 1);

-- --------------------------------------------------------

--
-- Estructura de tabla para la tabla `doctorspecilization`
--

CREATE TABLE `doctorspecilization` (
  `id` int(11) NOT NULL,
  `specilization` varchar(255) DEFAULT NULL,
  `creationDate` timestamp NULL DEFAULT current_timestamp(),
  `updationDate` timestamp NULL DEFAULT NULL ON UPDATE current_timestamp()
) ENGINE=InnoDB DEFAULT CHARSET=latin1;

--
-- Volcado de datos para la tabla `doctorspecilization`
--

INSERT INTO `doctorspecilization` (`id`, `specilization`, `creationDate`, `updationDate`) VALUES
(1, 'Gynecologist/Obstetrician', '2016-12-28 06:37:25', '0000-00-00 00:00:00'),
(2, 'General Physician', '2016-12-28 06:38:12', '0000-00-00 00:00:00'),
(3, 'Dermatologist', '2016-12-28 06:38:48', '0000-00-00 00:00:00'),
(4, 'Homeopath', '2016-12-28 06:39:26', '0000-00-00 00:00:00'),
(5, 'Cardiology', '2016-12-28 06:39:51', '2022-10-10 16:51:22'),
(6, 'Dentist', '2016-12-28 06:40:08', '0000-00-00 00:00:00'),
(7, 'Ear-Nose-Throat (Ent) Specialist', '2016-12-28 06:41:18', '0000-00-00 00:00:00'),
(9, 'Pneumology', '2016-12-28 07:37:39', '2022-10-10 16:51:53'),
(10, 'Bones Specialist demo', '2017-01-07 08:07:53', '0000-00-00 00:00:00'),
(11, 'Test', '2019-06-23 17:51:06', '2019-06-23 17:55:06'),
(12, 'Dermatologist', '2019-11-10 18:36:36', '2019-11-10 18:36:50');

-- --------------------------------------------------------

--
-- Estructura de tabla para la tabla `tblcontactus`
--

CREATE TABLE `tblcontactus` (
  `id` int(11) NOT NULL,
  `fullname` varchar(255) DEFAULT NULL,
  `email` varchar(255) DEFAULT NULL,
  `contactno` bigint(12) DEFAULT NULL,
  `message` mediumtext DEFAULT NULL,
  `PostingDate` timestamp NULL DEFAULT current_timestamp(),
  `AdminRemark` mediumtext DEFAULT NULL,
  `LastupdationDate` timestamp NULL DEFAULT NULL ON UPDATE current_timestamp(),
  `IsRead` int(11) DEFAULT NULL
) ENGINE=InnoDB DEFAULT CHARSET=latin1;

--
-- Volcado de datos para la tabla `tblcontactus`
--

INSERT INTO `tblcontactus` (`id`, `fullname`, `email`, `contactno`, `message`, `PostingDate`, `AdminRemark`, `LastupdationDate`, `IsRead`) VALUES
(1, 'test user', 'test@gmail.com', 2523523522523523, ' This is sample text for the test.', '2019-06-29 19:03:08', 'Test Admin Remark', '2019-06-30 12:55:23', 1),
(2, 'Anuj kumar', 'test123@gmail.com', 1111111111111111, ' This is sample text for testing.  This is sample text for testing. This is sample text for testing. This is sample text for testing. This is sample text for testing. This is sample text for testing. This is sample text for testing. This is sample text for testing. This is sample text for testing. This is sample text for testing. This is sample text for testing. This is sample text for testing. This is sample text for testing. This is sample text for testing. This is sample text for testing. This is sample text for testing. This is sample text for testing. This is sample text for testing. This is sample text for testing. This is sample text for testing. This is sample text for testing. This is sample text for testing.', '2019-06-30 13:06:50', NULL, NULL, NULL),
(3, 'fdsfsdf', 'fsdfsd@ghashhgs.com', 3264826346, 'sample text   sample text  sample text  sample text  sample text  sample text  sample text  sample text  sample text  sample text  sample text  sample text  sample text  sample text  sample text  sample text  sample text  sample text  sample text  sample text  sample text  sample text  sample text  sample text  ', '2019-11-10 18:53:48', 'vfdsfgfd', '2019-11-10 18:54:04', 1);

-- --------------------------------------------------------

--
-- Estructura de tabla para la tabla `tblmedicalhistory`
--

CREATE TABLE `tblmedicalhistory` (
  `ID` int(10) NOT NULL,
  `PatientID` int(10) DEFAULT NULL,
  `BloodPressure` varchar(200) DEFAULT NULL,
  `BloodSugar` varchar(200) NOT NULL,
  `Weight` varchar(100) DEFAULT NULL,
  `Temperature` varchar(200) DEFAULT NULL,
  `MedicalPres` mediumtext DEFAULT NULL,
  `CreationDate` timestamp NOT NULL DEFAULT current_timestamp() ON UPDATE current_timestamp()
) ENGINE=InnoDB DEFAULT CHARSET=latin1;

--
-- Volcado de datos para la tabla `tblmedicalhistory`
--

INSERT INTO `tblmedicalhistory` (`ID`, `PatientID`, `BloodPressure`, `BloodSugar`, `Weight`, `Temperature`, `MedicalPres`, `CreationDate`) VALUES
(2, 3, '120/185', '80/120', '85 Kg', '101 degree', '#Fever, #BP high\r\n1.Paracetamol\r\n2.jocib tab\r\n', '2019-11-06 04:20:07'),
(3, 2, '90/120', '92/190', '86 kg', '99 deg', '#Sugar High\r\n1.Petz 30', '2019-11-06 04:31:24'),
(4, 1, '125/200', '86/120', '56 kg', '98 deg', '# blood pressure is high\r\n1.koil cipla', '2019-11-06 04:52:42'),
(5, 1, '96/120', '98/120', '57 kg', '102 deg', '#Viral\r\n1.gjgjh-1Ml\r\n2.kjhuiy-2M', '2019-11-06 04:56:55'),
(6, 4, '90/120', '120', '56', '98 F', '#blood sugar high\r\n#Asthma problem', '2019-11-06 14:38:33'),
(7, 5, '80/120', '120', '85', '98.6', 'Rx\r\n\r\nAbc tab\r\nxyz Syrup', '2019-11-10 18:50:23');

-- --------------------------------------------------------

--
-- Estructura de tabla para la tabla `tblpatient`
--

CREATE TABLE `tblpatient` (
  `ID` int(10) NOT NULL,
  `Docid` int(10) DEFAULT NULL,
  `PatientName` varchar(200) DEFAULT NULL,
  `PatientContno` bigint(10) DEFAULT NULL,
  `PatientEmail` varchar(200) DEFAULT NULL,
  `PatientGender` varchar(50) DEFAULT NULL,
  `PatientAdd` mediumtext DEFAULT NULL,
  `PatientAge` int(10) DEFAULT NULL,
  `PatientMedhis` mediumtext DEFAULT NULL,
  `CreationDate` timestamp NULL DEFAULT current_timestamp(),
  `UpdationDate` timestamp NULL DEFAULT NULL ON UPDATE current_timestamp()
) ENGINE=InnoDB DEFAULT CHARSET=latin1;

--
-- Volcado de datos para la tabla `tblpatient`
--

INSERT INTO `tblpatient` (`ID`, `Docid`, `PatientName`, `PatientContno`, `PatientEmail`, `PatientGender`, `PatientAdd`, `PatientAge`, `PatientMedhis`, `CreationDate`, `UpdationDate`) VALUES
(1, 1, 'Manisha Jha', 4558968789, 'test@gmail.com', 'Female', '\"\"J&K Block J-127, Laxmi Nagar New Delhi', 26, 'She is diabetic patient', '2019-11-04 21:38:06', '2019-11-06 06:48:05'),
(2, 5, 'Raghu Yadav', 9797977979, 'raghu@gmail.com', 'Male', 'ABC Apartment Mayur Vihar Ph-1 New Delhi', 39, 'No', '2019-11-05 10:40:13', '2019-11-05 11:53:45'),
(3, 7, 'Mansi', 9878978798, 'jk@gmail.com', 'Female', '\"fdghyj', 46, 'No', '2019-11-05 10:49:41', '2019-11-05 11:58:59'),
(4, 7, 'Manav Sharma', 9888988989, 'sharma@gmail.com', 'Male', 'L-56,Ashok Nagar New Delhi-110096', 45, 'He is long suffered by asthma', '2019-11-06 14:33:54', '2019-11-06 14:34:31'),
(5, 9, 'John', 1234567890, 'john@test.com', 'male', 'Test ', 25, 'THis is sample text for testing.', '2019-11-10 18:49:24', NULL);

-- --------------------------------------------------------

--
-- Estructura de tabla para la tabla `userlog`
--

CREATE TABLE `userlog` (
  `id` int(11) NOT NULL,
  `uid` int(11) DEFAULT NULL,
  `username` varchar(255) DEFAULT NULL,
  `userip` binary(16) DEFAULT NULL,
  `loginTime` timestamp NULL DEFAULT current_timestamp(),
  `logout` varchar(255) DEFAULT NULL,
  `status` int(11) DEFAULT NULL
) ENGINE=InnoDB DEFAULT CHARSET=latin1;

--
-- Volcado de datos para la tabla `userlog`
--

INSERT INTO `userlog` (`id`, `uid`, `username`, `userip`, `loginTime`, `logout`, `status`) VALUES
(24, NULL, 'test@gmail.com', 0x3a3a3100000000000000000000000000, '2022-07-15 20:57:20', NULL, 0),
(25, 2, 'test@gmail.com', 0x3a3a3100000000000000000000000000, '2022-07-15 20:57:57', '16-07-2022 02:29:28 AM', 1),
(26, 2, 'test@gmail.com', 0x3a3a3100000000000000000000000000, '2022-07-15 21:11:12', '16-07-2022 02:55:17 AM', 1),
(27, NULL, 'Sarita pandey', 0x3a3a3100000000000000000000000000, '2022-10-10 16:06:55', NULL, 0),
(28, 2, 'test@gmail.com', 0x3a3a3100000000000000000000000000, '2022-10-10 16:07:40', '10-10-2022 09:42:51 PM', 1),
(29, NULL, 'test@gmail.com', 0x3a3a3100000000000000000000000000, '2022-10-10 16:13:17', NULL, 0),
(30, NULL, 'test@gmail.com', 0x3a3a3100000000000000000000000000, '2022-10-10 16:23:45', NULL, 0),
(31, NULL, 'test@gmail.com', 0x3a3a3100000000000000000000000000, '2022-10-10 16:23:59', NULL, 0),
(32, 6, 'tetuser@gmail.com', 0x3a3a3100000000000000000000000000, '2022-10-10 16:25:45', '10-10-2022 09:58:05 PM', 1),
(33, 6, 'test@gmail.com', 0x3a3a3100000000000000000000000000, '2022-10-10 16:28:20', NULL, 1),
(34, 6, 'test@gmail.com', 0x3a3a3100000000000000000000000000, '2022-10-10 16:36:30', '10-10-2022 10:14:44 PM', 1),
(35, 6, 'test@gmail.com', 0x3a3a3100000000000000000000000000, '2022-10-10 16:45:03', NULL, 1);

-- --------------------------------------------------------

--
-- Estructura de tabla para la tabla `users`
--

CREATE TABLE `users` (
  `id` int(11) NOT NULL,
  `fullName` varchar(255) DEFAULT NULL,
  `address` longtext DEFAULT NULL,
  `city` varchar(255) DEFAULT NULL,
  `gender` varchar(255) DEFAULT NULL,
  `email` varchar(255) DEFAULT NULL,
  `password` varchar(255) DEFAULT NULL,
  `regDate` timestamp NULL DEFAULT current_timestamp(),
  `updationDate` timestamp NULL DEFAULT NULL ON UPDATE current_timestamp()
) ENGINE=InnoDB DEFAULT CHARSET=latin1;

--
-- Volcado de datos para la tabla `users`
--

INSERT INTO `users` (`id`, `fullName`, `address`, `city`, `gender`, `email`, `password`, `regDate`, `updationDate`) VALUES
(2, 'Sara Gonzales', 'Lima Perú', 'Lima', 'femenino', 'sara@gmail.com', 'f925916e2754e5e03f75dd58a5733251', '2021-12-09 05:34:39', '2022-10-10 16:13:45'),
(4, 'Daniel Perez', 'Lima Perú', 'Lima', 'Masculino', 'daniel@gmail.com', 'f925916e2754e5e03f75dd58a5733251', '2020-01-02 07:41:14', '2022-10-10 16:15:03'),
(5, 'Jesus Ramirez', 'Lima Perú', 'Lima', 'Masculino', 'amit12@gmail.com', 'f925916e2754e5e03f75dd58a5733251', '2020-06-12 08:00:26', '2022-10-10 16:16:06'),
(6, 'Test user', 'New Delhi', 'Delhi', 'male', 'test@gmail.com', 'f925916e2754e5e03f75dd58a5733251', '2019-06-23 18:24:53', '2022-10-10 16:28:02'),
(7, 'John', 'USA', 'Newyork', 'male', 'john@test.com', 'f925916e2754e5e03f75dd58a5733251', '2019-11-10 18:40:21', '2019-11-10 18:40:51');

--
-- Índices para tablas volcadas
--

--
-- Indices de la tabla `admin`
--
ALTER TABLE `admin`
  ADD PRIMARY KEY (`id`);

--
-- Indices de la tabla `appointment`
--
ALTER TABLE `appointment`
  ADD PRIMARY KEY (`id`);

--
-- Indices de la tabla `doctors`
--
ALTER TABLE `doctors`
  ADD PRIMARY KEY (`id`);

--
-- Indices de la tabla `doctorslog`
--
ALTER TABLE `doctorslog`
  ADD PRIMARY KEY (`id`);

--
-- Indices de la tabla `doctorspecilization`
--
ALTER TABLE `doctorspecilization`
  ADD PRIMARY KEY (`id`);

--
-- Indices de la tabla `tblcontactus`
--
ALTER TABLE `tblcontactus`
  ADD PRIMARY KEY (`id`);

--
-- Indices de la tabla `tblmedicalhistory`
--
ALTER TABLE `tblmedicalhistory`
  ADD PRIMARY KEY (`ID`);

--
-- Indices de la tabla `tblpatient`
--
ALTER TABLE `tblpatient`
  ADD PRIMARY KEY (`ID`);

--
-- Indices de la tabla `userlog`
--
ALTER TABLE `userlog`
  ADD PRIMARY KEY (`id`);

--
-- Indices de la tabla `users`
--
ALTER TABLE `users`
  ADD PRIMARY KEY (`id`),
  ADD KEY `email` (`email`);

--
-- AUTO_INCREMENT de las tablas volcadas
--

--
-- AUTO_INCREMENT de la tabla `admin`
--
ALTER TABLE `admin`
  MODIFY `id` int(11) NOT NULL AUTO_INCREMENT, AUTO_INCREMENT=2;

--
-- AUTO_INCREMENT de la tabla `appointment`
--
ALTER TABLE `appointment`
  MODIFY `id` int(11) NOT NULL AUTO_INCREMENT, AUTO_INCREMENT=8;

--
-- AUTO_INCREMENT de la tabla `doctors`
--
ALTER TABLE `doctors`
  MODIFY `id` int(11) NOT NULL AUTO_INCREMENT, AUTO_INCREMENT=11;

--
-- AUTO_INCREMENT de la tabla `doctorslog`
--
ALTER TABLE `doctorslog`
  MODIFY `id` int(11) NOT NULL AUTO_INCREMENT, AUTO_INCREMENT=23;

--
-- AUTO_INCREMENT de la tabla `doctorspecilization`
--
ALTER TABLE `doctorspecilization`
  MODIFY `id` int(11) NOT NULL AUTO_INCREMENT, AUTO_INCREMENT=13;

--
-- AUTO_INCREMENT de la tabla `tblcontactus`
--
ALTER TABLE `tblcontactus`
  MODIFY `id` int(11) NOT NULL AUTO_INCREMENT, AUTO_INCREMENT=4;

--
-- AUTO_INCREMENT de la tabla `tblmedicalhistory`
--
ALTER TABLE `tblmedicalhistory`
  MODIFY `ID` int(10) NOT NULL AUTO_INCREMENT, AUTO_INCREMENT=8;

--
-- AUTO_INCREMENT de la tabla `tblpatient`
--
ALTER TABLE `tblpatient`
  MODIFY `ID` int(10) NOT NULL AUTO_INCREMENT, AUTO_INCREMENT=6;

--
-- AUTO_INCREMENT de la tabla `userlog`
--
ALTER TABLE `userlog`
  MODIFY `id` int(11) NOT NULL AUTO_INCREMENT, AUTO_INCREMENT=36;

--
-- AUTO_INCREMENT de la tabla `users`
--
ALTER TABLE `users`
  MODIFY `id` int(11) NOT NULL AUTO_INCREMENT, AUTO_INCREMENT=8;
COMMIT;

/*!40101 SET CHARACTER_SET_CLIENT=@OLD_CHARACTER_SET_CLIENT */;
/*!40101 SET CHARACTER_SET_RESULTS=@OLD_CHARACTER_SET_RESULTS */;
/*!40101 SET COLLATION_CONNECTION=@OLD_COLLATION_CONNECTION */;
